Date,OutPerform,Target,Predictions
2022-03-02 11:00:00,-0.0002759381898454747,0,0.5106598886642653
2022-03-02 11:30:00,0.0002771618625277161,1,0.4940004427363343
2022-03-02 14:00:00,-0.0011182555213866368,0,0.4804790253555203
2022-03-02 14:30:00,-0.0011142061281337048,0,0.45123220154162275
2022-03-02 15:00:00,-0.0008264462809917356,0,0.4758398867006949
2022-03-02 21:30:00,-0.0098065922092073,0,0.4986275796962996
2022-03-02 22:00:00,-0.002480022044640397,0,0.4965143536083373
2022-03-02 22:30:00,-0.004415011037527594,0,0.4838052926888501
2022-03-02 23:00:00,-0.0016625103906899418,0,0.4780037434977673
2022-03-03 09:30:00,0.001321003963011889,1,0.4589255305446991
2022-03-03 10:00:00,0.002104709287029729,1,0.5065174982894692
2022-03-03 11:00:00,0.0002644802962179317,1,0.49926779344985195
2022-03-03 11:30:00,0.0007951232441028359,1,0.4777958392968324
2022-03-03 14:00:00,0.0005281225244256667,1,0.48733388916755727
2022-03-03 14:30:00,0.00237467018469657,1,0.48512845222004863
2022-03-03 15:00:00,0.001840168243953733,1,0.48660282415457246
2022-03-03 21:30:00,-0.007511007511007511,0,0.49408269779751485
2022-03-03 22:00:00,-0.000804289544235925,0,0.4903200872479056
2022-03-03 22:30:00,0.0013304949441192123,1,0.4701267707243248
2022-03-03 23:00:00,0.006896551724137931,1,0.4824188608583821
2022-03-04 09:30:00,0.0010512483574244415,1,0.4588945644766603
2022-03-04 10:00:00,-0.0007989347536617843,0,0.47940404277389725
2022-03-04 11:00:00,0.002389169100079639,1,0.4524144961527234
2022-03-04 11:30:00,-0.003713527851458886,0,0.46943946470553194
2022-03-04 14:00:00,-0.007190412782956059,0,0.4616493184233931
2022-03-04 14:30:00,0.0008023535704733886,1,0.46323465054456714
2022-03-04 15:00:00,0.0007947019867549668,1,0.4721783441931672
2022-03-04 21:30:00,0.007544224765868886,1,0.47673661439841586
2022-03-04 22:00:00,-0.002849740932642487,0,0.49574379514471695
2022-03-04 22:30:00,0.004409857328145266,1,0.4857973208144583
2022-03-04 23:00:00,0.0012823800974608873,1,0.5029726522003483
2022-03-07 09:30:00,0.0,0,0.4957157328151145
2022-03-07 10:00:00,0.0,0,0.4919184712557742
2022-03-07 11:00:00,0.0,0,0.4866782684456104
2022-03-07 11:30:00,0.0,0,0.4747745392591095
2022-03-07 14:00:00,0.0,0,0.4747745392591095
2022-03-07 14:30:00,0.0,0,0.4687406968551811
2022-03-07 15:00:00,0.0,0,0.4687406968551811
2022-03-07 21:30:00,-0.001966085033177685,0,0.4687406968551811
2022-03-07 22:00:00,-0.000982318271119843,0,0.4637366148840668
2022-03-07 22:30:00,-0.0002493143854400399,0,0.4814688019137676
2022-03-07 23:00:00,0.012546125461254613,1,0.4690065264859164
2022-03-08 09:30:00,0.001216249087813184,1,0.46694736003644005
2022-03-08 10:00:00,-0.0021645021645021645,0,0.4715200461071565
2022-03-08 11:00:00,-0.003465003465003465,0,0.4831829749472768
2022-03-08 11:30:00,0.0018561484918793504,1,0.5031169372821852
2022-03-08 14:00:00,0.0016051364365971107,1,0.5045611055189915
2022-03-08 14:30:00,-0.004557885141294439,0,0.5077060992934144
2022-03-08 15:00:00,0.006904487917146145,1,0.50092257257681
2022-03-08 21:30:00,-0.0004548555833522857,0,0.48300264321638386
2022-03-08 22:00:00,-0.0026936026936026937,0,0.4886379100673375
2022-03-08 22:30:00,0.003860127157129882,1,0.4975383640173609
2022-03-08 23:00:00,-0.0004453351146737921,0,0.4985386074771984
2022-03-09 09:30:00,0.0,0,0.49544258647515976
2022-03-09 10:00:00,0.002480829950383401,1,0.4869656914367529
2022-03-09 11:00:00,-0.0004466279589102278,0,0.48573545488921027
2022-03-09 11:30:00,0.005128205128205128,1,0.48209902870853816
2022-03-09 14:00:00,0.00178491744756805,1,0.4960635552918625
2022-03-09 14:30:00,0.0002215330084182543,1,0.4843774828831318
2022-03-09 15:00:00,-0.0031111111111111114,0,0.49231125930986563
2022-03-09 21:30:00,-0.004038964124495129,0,0.46622335763100076
2022-03-09 22:00:00,-0.004589371980676328,0,0.44659244608297
2022-03-09 22:30:00,0.0029154518950437317,1,0.4477554411112421
2022-03-09 23:00:00,-0.0002402113860196974,0,0.4470746747375336
2022-03-10 09:30:00,0.0012916559028674762,1,0.4441479470504627
2022-03-10 10:00:00,0.0007761966364812419,1,0.44650126047793104
2022-03-10 11:00:00,-0.0002590673575129534,0,0.4667407289407343
2022-03-10 11:30:00,-0.0038639876352395673,0,0.4299405401025572
2022-03-10 14:00:00,-0.002581311306143521,0,0.43630629911609153
2022-03-10 14:30:00,-0.0007737941707505804,0,0.441909128146339
2022-03-10 15:00:00,0.0,0,0.4441577467561029
2022-03-10 21:30:00,0.000970638194612958,1,0.43966611013619156
2022-03-10 22:00:00,0.0047619047619047615,1,0.48274893521506956
2022-03-10 22:30:00,0.003597122302158273,1,0.4985606256284716
2022-03-10 23:00:00,-0.0048250904704463205,0,0.4867454178536649
2022-03-11 09:30:00,-0.0030511060259344014,0,0.46457849355910197
2022-03-11 10:00:00,-0.008896797153024912,0,0.45600816658345045
2022-03-11 11:00:00,-0.0015075376884422112,0,0.4394019704131111
2022-03-11 11:30:00,-0.0002532928064842959,0,0.4893770231304786
2022-03-11 14:00:00,-0.0005013787916771121,0,0.4429194879478575
2022-03-11 14:30:00,-0.0007501875468867217,0,0.492207079101552
2022-03-11 15:00:00,0.00546448087431694,1,0.4681493212308525
2022-03-11 21:30:00,-0.0032861476238624874,0,0.4594283522933209
2022-03-11 22:00:00,0.006071338224133569,1,0.4362651559203745
2022-03-11 22:30:00,-0.0004988775255674732,0,0.42880289531078924
2022-03-11 23:00:00,-0.0015067805123053742,0,0.47035981961718887
2022-03-14 09:30:00,-0.0005113781641523907,0,0.48013331816687815
2022-03-14 10:00:00,-0.0027925869510027927,0,0.4380554814818129
2022-03-14 11:00:00,0.0002556237218813905,1,0.45912824295146615
2022-03-14 11:30:00,0.0010238034297414896,1,0.45033594466643173
2022-03-14 14:00:00,0.004601226993865031,1,0.44566620601871143
2022-03-14 14:30:00,-0.0007655014034192397,0,0.4609501040425193
2022-03-14 15:00:00,0.000508646998982706,1,0.4549991007289473
2022-03-14 21:30:00,-0.0062176165803108805,0,0.48715275411529413
2022-03-14 22:00:00,0.0010554089709762533,1,0.3984356436766989
2022-03-14 22:30:00,0.0026560424966799467,1,0.4050363493109201
2022-03-14 23:00:00,0.004268943436499467,1,0.39876489367221346
2022-03-15 09:30:00,-0.003268864069735767,0,0.42770453978645917
2022-03-15 10:00:00,0.012747875354107648,1,0.39818756844103503
2022-03-15 11:00:00,-0.004625850340136055,0,0.40423476280292225
2022-03-15 11:30:00,-0.00547645125958379,0,0.42973306775980563
2022-03-15 14:00:00,0.0019347705914870093,1,0.4482119850697825
2022-03-15 14:30:00,-0.0002769315978953199,0,0.40864945738794745
2022-03-15 15:00:00,0.0016629711751662971,1,0.3999824125090267
2022-03-15 21:30:00,0.005032149846239866,1,0.4151572393193351
2022-03-15 22:00:00,-0.004445679355376493,0,0.4015096515218115
2022-03-15 22:30:00,-0.0030786453960257487,0,0.4138137330565587
2022-03-15 23:00:00,0.0002765486725663716,1,0.394539626868925
2022-03-16 09:30:00,0.009745533297238766,1,0.41498743679021827
2022-03-16 10:00:00,-0.0002726281352235551,0,0.48015912690477935
2022-03-16 11:00:00,-0.004074979625101874,0,0.4531288229011486
2022-03-16 11:30:00,0.0013717421124828531,1,0.41873688943341336
2022-03-16 14:00:00,0.0038043478260869567,1,0.4249339526215767
2022-03-16 14:30:00,0.004034427111350188,1,0.45852295895711725
2022-03-16 15:00:00,-0.005119913769873349,0,0.49083228994898626
2022-03-16 21:30:00,0.002437703141928494,1,0.46387405054092534
2022-03-16 22:00:00,0.0024637284423761293,1,0.4424423326831309
2022-03-16 22:30:00,-0.008314855875831485,0,0.42957133505952655
2022-03-16 23:00:00,-0.0016839741790625879,0,0.398942516500937
2022-03-17 09:30:00,0.006956037840845854,1,0.3970638686874783
2022-03-17 10:00:00,-0.005299860529986053,0,0.40786895988397043
2022-03-17 11:00:00,0.0016802016241949033,1,0.39758894210552675
2022-03-17 11:30:00,0.002508361204013378,1,0.39617513853534514
2022-03-17 14:00:00,-0.0016648168701442843,0,0.4292221130209148
2022-03-17 14:30:00,0.005834954153931648,1,0.43679931255482224
2022-03-17 15:00:00,0.002775464890369137,1,0.44635524778018904
2022-03-17 21:30:00,0.001611170784103115,1,0.41886529355371815
2022-03-17 22:00:00,-0.0029419630917357584,0,0.4958886865177458
2022-03-17 22:30:00,0.0008064516129032258,1,0.4923504299400704
2022-03-17 23:00:00,0.0,0,0.44724548349111354
2022-03-18 09:30:00,0.000528820729772607,1,0.44671060745175467
2022-03-18 10:00:00,-0.0026130128037627383,0,0.5031281979986495
2022-03-18 11:00:00,-0.0002619858527639508,0,0.4939074721523012
2022-03-18 11:30:00,0.0,0,0.49170417367595426
2022-03-18 14:00:00,0.0005257623554153522,1,0.45582038949778514
2022-03-18 14:30:00,0.0005232862375719518,1,0.4725889758340921
2022-03-18 15:00:00,0.0026171159382360636,1,0.4757353349301314
2022-03-18 21:30:00,0.0037705359547535685,1,0.49187573938113915
2022-03-18 22:00:00,-0.005639097744360902,0,0.4248153577587322
2022-03-18 22:30:00,0.00107469102632993,1,0.4123694293559691
2022-03-18 23:00:00,0.00375234521575985,1,0.4697712202832351
2022-03-21 09:30:00,-0.0012929919834497026,0,0.4388541665953635
2022-03-21 10:00:00,0.001041395469929706,1,0.4753761216876914
2022-03-21 11:00:00,0.001557632398753894,1,0.471110573432617
2022-03-21 11:30:00,-0.0015616866215512754,0,0.44979226455281257
2022-03-21 14:00:00,0.0007810466024472793,1,0.4353714208291478
2022-03-21 14:30:00,-0.0020752269779507134,0,0.4392502960429339
2022-03-21 15:00:00,-0.005470174524615785,0,0.42649843522124703
2022-03-21 21:30:00,-0.0030792917628945345,0,0.4478832226178441
2022-03-21 22:00:00,0.0005091649694501018,1,0.48841142553267486
2022-03-21 22:30:00,0.0002523340903356043,1,0.5023128463488703
2022-03-21 23:00:00,0.0022727272727272726,1,0.5033645109303284
2022-03-22 09:30:00,0.003911024199462234,1,0.491090792688196
2022-03-22 10:00:00,0.002188715953307393,1,0.4997520996984068
2022-03-22 11:00:00,0.001467351430667645,1,0.49471114621405654
2022-03-22 11:30:00,0.0,0,0.47785365059353
2022-03-22 14:00:00,-0.0009718172983479106,0,0.4692279068814085
2022-03-22 14:30:00,-0.0004878048780487805,0,0.48892276085997827
2022-03-22 15:00:00,-0.003437269825681316,0,0.48052649294123156
2022-03-22 21:30:00,-0.004012036108324975,0,0.46980077967283385
2022-03-22 22:00:00,-0.002508151492350138,0,0.4407128894803509
2022-03-22 22:30:00,-0.0005036514731805591,0,0.403849610336949
2022-03-22 23:00:00,0.003263871453678132,1,0.411467332167745
2022-03-23 09:30:00,-0.00245398773006135,0,0.4492095341693079
2022-03-23 10:00:00,0.004671748217359233,1,0.4678220637376564
2022-03-23 11:00:00,0.002432498175626368,1,0.4889461690867223
2022-03-23 11:30:00,-0.0036135870874488074,0,0.48541138860918337
2022-03-23 14:00:00,0.001219809709685289,1,0.49091055432830394
2022-03-23 14:30:00,0.0019656019656019656,1,0.4683813976978202
2022-03-23 15:00:00,-0.000980392156862745,0,0.46572659453336507
2022-03-23 21:30:00,0.0002344116268166901,1,0.46939722107741977
2022-03-23 22:00:00,-0.002580947911778508,0,0.5004705105262728
2022-03-23 22:30:00,0.0004692632566870014,1,0.48954389828068445
2022-03-23 23:00:00,0.0002314814814814814,1,0.49508137816346093
2022-03-24 09:30:00,0.0036942969291156777,1,0.505453845695859
2022-03-24 10:00:00,0.001384083044982699,1,0.5084819816743387
2022-03-24 11:00:00,-0.005619292905642706,0,0.4918118930020993
2022-03-24 11:30:00,0.001642421398404505,1,0.4829257821784447
2022-03-24 14:00:00,0.0018682858477347033,1,0.4859518901023835
2022-03-24 14:30:00,-0.002796550920531345,0,0.49143914043737424
2022-03-24 15:00:00,0.000949893137022085,1,0.4806968973300447
2022-03-24 21:30:00,-0.0034746351633078527,0,0.4565884981733655
2022-03-24 22:00:00,-0.009776536312849162,0,0.4798902372714404
2022-03-24 22:30:00,0.0030842230130486356,1,0.4678540707611835
2022-03-24 23:00:00,0.0007004436142890497,1,0.46647285040576236
2022-03-25 09:30:00,0.0,0,0.47607912123603413
2022-03-25 10:00:00,0.002355712603062426,1,0.4490876075051063
2022-03-25 11:00:00,0.0025943396226415093,1,0.4764831465516639
2022-03-25 11:30:00,0.002346316283435007,1,0.46386712921226264
2022-03-25 14:00:00,0.000469593801361822,1,0.48324194367425216
2022-03-25 14:30:00,-0.000234686693264492,0,0.4626000172026509
2022-03-25 15:00:00,-0.0002346316283435008,0,0.45970899799845294
2022-03-25 21:30:00,0.005494505494505494,1,0.4615038387392022
2022-03-25 22:00:00,-0.005703422053231939,0,0.43560696525824283
2022-03-25 22:30:00,-0.0002384927259718579,0,0.4344120361539991
2022-03-25 23:00:00,0.001188495364868077,1,0.43222600846330567
2022-03-28 09:30:00,0.0057859209257473485,1,0.43387712476322504
2022-03-28 10:00:00,0.004776689754000477,1,0.406786807426829
2022-03-28 11:00:00,0.0021291696238466998,1,0.4287248275324035
2022-03-28 11:30:00,0.0,0,0.4622642215660615
2022-03-28 14:00:00,0.003846153846153846,1,0.454659991031994
2022-03-28 14:30:00,-0.0031317754757889667,0,0.43490113586051654
2022-03-28 15:00:00,-0.0009636232233196821,0,0.43057940437931713
2022-03-28 21:30:00,-0.0004924895345973899,0,0.4263320211403986
2022-03-28 22:00:00,0.0017430278884462151,1,0.4060522166980666
2022-03-28 22:30:00,-0.003955500618046972,0,0.39456763558236413
2022-03-28 23:00:00,-0.00224159402241594,0,0.416239651721435
2022-03-29 09:30:00,-0.0002488181139586962,0,0.4241694111294955
2022-03-29 10:00:00,0.0007460830639144491,1,0.41460577770708407
2022-03-29 11:00:00,0.0,0,0.4371420583186341
2022-03-29 11:30:00,0.00099601593625498,1,0.4171601991119712
2022-03-29 14:00:00,0.0014807502467917078,1,0.4446913858852246
2022-03-29 14:30:00,0.0004967709885742672,1,0.4686239257224176
2022-03-29 15:00:00,0.0007449714427613608,1,0.4424366602883123
2022-03-29 21:30:00,-0.0015801948907031868,0,0.40963053424516566
2022-03-29 22:00:00,0.004206098843322818,1,0.41271819086295763
2022-03-29 22:30:00,0.0002603488674824264,1,0.42931778437387813
2022-03-29 23:00:00,-0.0030943785456420837,0,0.4147485069729349
2022-03-30 09:30:00,-0.003038743985819195,0,0.46217628415334105
2022-03-30 10:00:00,-0.000759493670886076,0,0.47841007824616333
2022-03-30 11:00:00,-0.0002528445006321113,0,0.4747859531302334
2022-03-30 11:30:00,-0.00101010101010101,0,0.441699082297131
2022-03-30 14:00:00,0.0045351473922902496,1,0.4325064531355004
2022-03-30 14:30:00,-0.0019865905140302956,0,0.45284120968238595
2022-03-30 15:00:00,0.0017339608620262571,1,0.46341466791820485
2022-03-30 21:30:00,0.0,0,0.48460230627744894
2022-03-30 22:00:00,0.0002435460301997077,1,0.47920705837909483
2022-03-30 22:30:00,-0.0007317073170731708,0,0.4847457364162026
2022-03-30 23:00:00,0.0012221950623319481,1,0.47000405463060596
2022-03-31 09:30:00,-0.00403530895334174,0,0.47863608117149203
2022-03-31 10:00:00,0.0012623074981065387,1,0.38626167051247706
2022-03-31 11:00:00,-0.007900101936799185,0,0.3788580369596991
2022-03-31 11:30:00,0.004348938347403428,1,0.38801780401936525
2022-03-31 14:00:00,-0.0017739483020780538,0,0.3718692435021048
2022-03-31 14:30:00,0.000506842372022301,1,0.3987058699027287
2022-03-31 15:00:00,-0.0010073029463611182,0,0.44928822250751255
2022-03-31 21:30:00,-0.0002592688618096967,0,0.4623565984809586
2022-03-31 22:00:00,-0.0012870012870012872,0,0.4726553785431451
2022-03-31 22:30:00,-0.0007790184367696703,0,0.47957937233146936
2022-03-31 23:00:00,0.002884867558353003,1,0.43301150590735416
2022-04-01 09:30:00,-0.0002659574468085107,0,0.433795654505967
2022-04-01 10:00:00,-0.0015856236786469344,0,0.3668851461500738
2022-04-01 11:00:00,-0.001063264221158958,0,0.3848418333136438
2022-04-01 11:30:00,-0.0013294336612603031,0,0.3896739487232444
2022-04-01 14:00:00,-0.0056179775280898875,0,0.38165703785533106
2022-04-01 14:30:00,-0.001601281024819856,0,0.39160173698047424
2022-04-01 15:00:00,-0.0002677376171352075,0,0.3833375671857641
2022-04-06 09:30:00,-0.0010274852298998202,0,0.3732200242598617
2022-04-06 10:00:00,0.0033163265306122448,1,0.43748487903820005
2022-04-06 11:00:00,0.001521683996956632,1,0.4689788084926618
2022-04-06 11:30:00,0.0,0,0.492940215610044
2022-04-06 14:00:00,-0.0025233409033560434,0,0.47664928889622793
2022-04-06 14:30:00,0.0002534854245880861,1,0.4573827148916642
2022-04-06 15:00:00,-0.002786926779832784,0,0.45704322069948405
2022-04-06 21:30:00,0.0002558853633572159,1,0.440225245680362
2022-04-06 22:00:00,-0.0010264305876315114,0,0.44498524582168025
2022-04-06 22:30:00,0.0028018339276617422,1,0.437186783222392
2022-04-06 23:00:00,-0.0002560163850486432,0,0.4785695697965643
2022-04-07 09:30:00,-0.0042429063908777515,0,0.39779632710802454
2022-04-07 10:00:00,-0.0026504108136761197,0,0.3667270034865744
2022-04-07 11:00:00,0.0023841059602649007,1,0.37300654707715386
2022-04-07 11:30:00,-0.0013259082471492973,0,0.3961134278440618
2022-04-07 14:00:00,0.0010672358591248664,1,0.3770611616630539
2022-04-07 14:30:00,-0.0005323396326856535,0,0.3852255861667742
2022-04-07 15:00:00,0.002137323002938819,1,0.3970416116478111
2022-04-07 21:30:00,-0.0005327650506126799,0,0.3950973001545167
2022-04-07 22:00:00,-0.002663115845539281,0,0.39753200315554127
2022-04-07 22:30:00,-0.0008032128514056225,0,0.4071437273300533
2022-04-07 23:00:00,-0.006720430107526882,0,0.4021356775543481
2022-04-08 09:30:00,0.001884760366182014,1,0.4007895894452084
2022-04-08 10:00:00,-0.000801924619085806,0,0.3993072817765024
2022-04-08 11:00:00,0.0013448090371167294,1,0.39590626902717146
2022-04-08 11:30:00,-0.0005376344086021506,0,0.4004840231578061
2022-04-08 14:00:00,-0.0007982969664715275,0,0.3811091218628583
2022-04-08 14:30:00,0.0013248542660307366,1,0.4592743682135574
2022-04-08 15:00:00,-0.0005272871078302136,0,0.4662464473013352
2022-04-08 21:30:00,-0.0005316321105794791,0,0.47423204244622225
2022-04-08 22:00:00,0.002658160552897395,1,0.39973129984523775
2022-04-08 22:30:00,-0.0015860428231562252,0,0.41959442882092524
2022-04-08 23:00:00,-0.0037293553542887587,0,0.4326385673828023
2022-04-11 09:30:00,0.00267379679144385,1,0.3988053873240102
2022-04-11 10:00:00,-0.0013448090371167296,0,0.3815856320853517
2022-04-11 11:00:00,0.0,0,0.36767135668058265
2022-04-11 11:30:00,-0.0005343307507347048,0,0.36608863245333245
2022-04-11 14:00:00,0.0032017075773745998,1,0.4419387755175708
2022-04-11 14:30:00,-0.0018661690215942416,0,0.4480384085765369
2022-04-11 15:00:00,0.002126528442317916,1,0.3904613047353233
2022-04-11 21:30:00,-0.0018791946308724832,0,0.4169985463902854
2022-04-11 22:00:00,0.0024304617877396704,1,0.3971904815249776
2022-04-11 22:30:00,0.0010723860589812331,1,0.3925056783148765
2022-04-11 23:00:00,0.0010641127959563712,1,0.3970529549334934
2022-04-12 09:30:00,-0.0018513620735255223,0,0.44403698998150015
2022-04-12 10:00:00,-0.0005259006047856956,0,0.4690851366384241
2022-04-12 11:00:00,0.0005194805194805194,1,0.4852803269906822
2022-04-12 11:30:00,-0.0005202913631633715,0,0.49137823028508865
2022-04-12 14:00:00,0.0012960082944530845,1,0.4763601865497195
2022-04-12 14:30:00,0.0002577319587628865,1,0.4836694209146862
2022-04-12 15:00:00,-0.000776196636481242,0,0.4854126343788886
2022-04-12 21:30:00,-0.0010126582278481013,0,0.4702746988462549
2022-04-12 22:00:00,0.0053204965796807705,1,0.5005402119802455
2022-04-12 22:30:00,0.0007545271629778672,1,0.5040057034143803
2022-04-12 23:00:00,0.0004982561036372695,1,0.5042257871103469
2022-04-13 09:30:00,0.0007528230865746549,1,0.4987023261176367
2022-04-13 10:00:00,0.002007024586051179,1,0.4945259867952864
2022-04-13 11:00:00,0.001501877346683354,1,0.4825514482012743
2022-04-13 11:30:00,-0.0002516989680342311,0,0.48734106408707767
2022-04-13 14:00:00,-0.003003754693366708,0,0.4551683419631945
2022-04-13 14:30:00,0.00125344697919278,1,0.4472442050759941
2022-04-13 15:00:00,0.0005023863350916855,1,0.4614023965256414
2022-04-13 21:30:00,0.002474022761009401,1,0.4301556643346868
2022-04-13 22:00:00,-0.0004951720722951226,0,0.49214027321962334
2022-04-13 22:30:00,-0.0002480158730158731,0,0.48113981164008635
2022-04-13 23:00:00,-0.0009913258983890955,0,0.45518801456688074
2022-04-14 09:30:00,-0.0002463054187192119,0,0.46579988584912696
2022-04-14 10:00:00,-0.0002472187886279358,0,0.47707228976135263
2022-04-14 11:00:00,0.0014814814814814814,1,0.46718063961890544
2022-04-14 11:30:00,-0.0007343941248470013,0,0.460679011204298
2022-04-14 14:00:00,0.0007392804337111877,1,0.4841831856713494
2022-04-14 14:30:00,0.0002463054187192118,1,0.46171213642092307
2022-04-14 15:00:00,-0.0007407407407407408,0,0.45438533196515385
2022-04-14 21:30:00,0.0004941932295527551,1,0.45006838104132335
2022-04-14 22:00:00,-0.0004941932295527553,0,0.4461535564880157
2022-04-14 22:30:00,0.003437269825681316,1,0.43869050251094466
2022-04-14 23:00:00,0.0031878371750858263,1,0.49390690405033216
2022-04-15 09:30:00,-0.0014419610670511898,0,0.485491943322315
2022-04-15 10:00:00,0.0004781257470714797,1,0.4893205494098779
2022-04-15 11:00:00,0.000947193937958797,1,0.5025555141404274
2022-04-15 11:30:00,0.004048582995951417,1,0.49818890371696656
2022-04-15 14:00:00,0.0002371916508538899,1,0.5009708105644947
2022-04-15 14:30:00,0.0002373605506764775,1,0.4801263582497521
2022-04-15 15:00:00,-0.0021342186388427793,0,0.48011525009686196
2022-04-15 21:30:00,-0.0011944577161968467,0,0.48107766820387726
2022-04-15 22:00:00,0.0009487666034155597,1,0.4719558447659951
2022-04-15 22:30:00,-0.0011825922421948912,0,0.49066266129249064
2022-04-15 23:00:00,0.000947193937958797,1,0.48562677183966885
2022-04-18 09:30:00,-0.0033183218772220905,0,0.4813688624095751
2022-04-18 10:00:00,0.004540023894862605,1,0.4457772902243135
2022-04-18 11:00:00,-0.001912960306073649,0,0.44682847034149253
2022-04-18 11:30:00,-0.0011961722488038277,0,0.456475036548737
2022-04-18 14:00:00,-0.0014563106796116505,0,0.4445459729187362
2022-04-18 14:30:00,0.0004861448711716091,1,0.42898175747651884
2022-04-18 15:00:00,0.0002424242424242424,1,0.4428552342146852
2022-04-18 21:30:00,-0.0012051096649795133,0,0.4245682924120187
2022-04-18 22:00:00,-0.0007215007215007216,0,0.4691981355512988
2022-04-18 22:30:00,0.0021797045289416324,1,0.44626188576597897
2022-04-18 23:00:00,-0.0004833252779120348,0,0.44094732911172313
2022-04-19 09:30:00,-0.002178649237472767,0,0.4293737303819174
2022-04-19 10:00:00,0.005324298160696999,1,0.41774786571250994
2022-04-19 11:00:00,0.0036005760921747477,1,0.4367649014791924
2022-04-19 11:30:00,-0.004069906631553747,0,0.4539907959507305
2022-04-19 14:00:00,-0.0007255139056831923,0,0.45497322986242095
2022-04-19 14:30:00,-0.001453136352627755,0,0.4112018926277519
2022-04-19 15:00:00,-0.0007301046483329278,0,0.4178512029464065
2022-04-19 21:30:00,-0.004469828656568165,0,0.4077009622757638
2022-04-19 22:00:00,-0.0010055304172951233,0,0.40522272603572984
2022-04-19 22:30:00,0.001011378002528445,1,0.4010806758720258
2022-04-19 23:00:00,0.004276729559748427,1,0.40854219163097616
2022-04-20 09:30:00,-0.0002511300853842291,0,0.4040886807780164
2022-04-20 10:00:00,0.0,0,0.3979489602408524
2022-04-20 11:00:00,0.0037193156459211507,1,0.434139093533083
2022-04-20 11:30:00,-0.0004940711462450593,0,0.44236679445472993
2022-04-20 14:00:00,-0.001990049751243781,0,0.4579393274581863
2022-04-20 14:30:00,0.002503755633450175,1,0.4199040192894817
2022-04-20 15:00:00,-0.0007464543418760885,0,0.40311811598029473
2022-04-20 21:30:00,-0.0014851485148514852,0,0.4088775143672278
2022-04-20 22:00:00,0.0014851485148514852,1,0.4684576110776757
2022-04-20 22:30:00,-0.00124595066035385,0,0.4571125409462253
2022-04-20 23:00:00,0.0007412898443291326,1,0.400406336710342
2022-04-21 09:30:00,0.004210004952947003,1,0.4602104970172872
2022-04-21 10:00:00,0.0012275963663147557,1,0.48416138745910414
2022-04-21 11:00:00,0.0,0,0.45844806504312463
2022-04-21 11:30:00,-0.0002446782481037436,0,0.44733523452946033
2022-04-21 14:00:00,0.0009718172983479105,1,0.44652180699755256
2022-04-21 14:30:00,0.0012141816415735794,1,0.4868789607031473
2022-04-21 15:00:00,0.0009694619486185167,1,0.4991274908334837
2022-04-21 21:30:00,-0.0004857906242409522,0,0.4978055002529226
2022-04-21 22:00:00,0.005359317904993909,1,0.4585731995115849
2022-04-21 22:30:00,0.0,0,0.4680463463309947
2022-04-21 23:00:00,-0.0007309941520467837,0,0.46624213210683424
2022-04-22 09:30:00,-0.006906758756783424,0,0.4647970035330095
2022-04-22 10:00:00,-0.0009925558312655087,0,0.4036447185731873
2022-04-22 11:00:00,-0.0012428535918468805,0,0.38316618166393646
2022-04-22 11:30:00,-0.0034904013961605585,0,0.3769712765077831
2022-04-22 14:00:00,0.0012518778167250875,1,0.3858478950097832
2022-04-22 14:30:00,0.001254075746175069,1,0.3728812923878547
2022-04-22 15:00:00,0.0012496875781054736,1,0.3828706511126303
2022-04-22 21:30:00,0.0042173158025303895,1,0.3951923606774941
2022-04-22 22:00:00,0.0007363770250368188,1,0.43797216330567634
2022-04-22 22:30:00,-0.00196078431372549,0,0.4502763634576646
2022-04-22 23:00:00,-0.0032106693010619906,0,0.43603314039402213
2022-04-25 09:30:00,0.005648267008985879,1,0.3883940770710195
2022-04-25 10:00:00,-0.0012758356723653994,0,0.3743977263174266
2022-04-25 11:00:00,-0.0025510204081632655,0,0.3818089990611385
2022-04-25 11:30:00,0.0,0,0.39511899892007585
2022-04-25 14:00:00,0.0,0,0.35573901849440803
2022-04-25 14:30:00,-0.004876796714579056,0,0.3175804241246454
2022-04-25 15:00:00,-0.0002581311306143521,0,0.37688962417766675
2022-04-25 21:30:00,-0.001826722338204593,0,0.35399396139136735
2022-04-25 22:00:00,-0.0012983640612827837,0,0.3919855973440364
2022-04-25 22:30:00,0.000522466039707419,1,0.3818397639012361
2022-04-25 23:00:00,-0.0002603488674824265,0,0.393392911165092
2022-04-26 09:30:00,-0.0007623888182973317,0,0.38737161307553164
2022-04-26 10:00:00,0.0007623888182973316,1,0.44797351714431843
2022-04-26 11:00:00,-0.0005042864346949068,0,0.42361725772528536
2022-04-26 11:30:00,0.0020151133501259445,1,0.4670981081615859
2022-04-26 14:00:00,-0.0010093363613424174,0,0.4758561024394779
2022-04-26 14:30:00,-0.002035623409669211,0,0.42556434144265526
2022-04-26 15:00:00,-0.0030534351145038168,0,0.4117282642620188
2022-04-26 21:30:00,-0.0024588148512417014,0,0.4128423704620954
2022-04-26 22:00:00,-0.0014825796886582653,0,0.48895223367296486
2022-04-26 22:30:00,0.0007442322004465393,1,0.4685409452066673
2022-04-26 23:00:00,0.0034525277435265103,1,0.44105119769629925
2022-04-27 09:30:00,0.0048520135856380394,1,0.4623749846720159
2022-04-27 10:00:00,0.000242306760358614,1,0.4976554288295787
2022-04-27 11:00:00,0.001458789204959883,1,0.4782792713750004
2022-04-27 11:30:00,-0.000733317037399169,0,0.44964476209577925
2022-04-27 14:00:00,0.0012221950623319481,1,0.43902141539053646
2022-04-27 14:30:00,0.0007292173067574137,1,0.44508521850863514
2022-04-27 15:00:00,0.0012168410805548796,1,0.4670335390001579
2022-04-27 21:30:00,-0.0004980079681274901,0,0.472047189790826
2022-04-27 22:00:00,-0.0012367054167697256,0,0.40920342218267536
2022-04-27 22:30:00,-0.0004951720722951226,0,0.4004049364512026
2022-04-27 23:00:00,0.002660861151427189,1,0.4257093646714552
2022-04-28 09:30:00,0.0002432498175626368,1,0.47735948090303487
2022-04-28 10:00:00,0.0007302823758519961,1,0.4579729107576147
2022-04-28 11:00:00,-0.0007352941176470589,0,0.43635387564222905
2022-04-28 11:30:00,0.0034602076124567475,1,0.43043650331614586
2022-04-28 14:00:00,-0.000243842965130456,0,0.4209188658882061
2022-04-28 14:30:00,-0.0014517299782240505,0,0.4525645231390512
2022-04-28 15:00:00,0.002175489485134155,1,0.4669929182535533
2022-04-28 21:30:00,0.004557447829215639,1,0.49987453406729343
2022-04-28 22:00:00,0.003110047846889952,1,0.49316504759264346
2022-04-28 22:30:00,0.008662175168431183,1,0.5011765062106069
2022-04-28 23:00:00,0.0002364625206904705,1,0.4645514789379511
2022-04-29 09:30:00,0.0009402914903620122,1,0.49789436046017393
2022-04-29 10:00:00,0.0,0,0.5051542744296322
2022-04-29 11:00:00,0.0018730976352142356,1,0.482526085468444
2022-04-29 11:30:00,0.002343566908835247,1,0.5077243337756991
2022-04-29 14:00:00,-0.0018501387604070306,0,0.5051000133057698
2022-04-29 14:30:00,0.004666355576294913,1,0.4901821767775932
2022-04-29 15:00:00,0.005350081414282391,1,0.4863814503501358
2022-05-05 09:30:00,0.0018140589569160996,1,0.49159562663477685
2022-05-05 10:00:00,0.0,0,0.5067369690260533
2022-05-05 11:00:00,0.0017969451931716081,1,0.49689297263346277
2022-05-05 11:30:00,-0.0009017132551848513,0,0.5043567195130143
2022-05-05 14:00:00,0.0004516711833785004,1,0.47209963548681594
2022-05-05 14:30:00,0.0,0,0.4868492091465592
2022-05-05 15:00:00,-0.0031681375876895226,0,0.4789479853874063
2022-05-05 21:30:00,0.0011307100859339666,1,0.4746101653059741
2022-05-05 22:00:00,-0.001584786053882726,0,0.48629558600593603
2022-05-05 22:30:00,0.0009157509157509158,1,0.4696248321977021
2022-05-05 23:00:00,-0.005542725173210162,0,0.46716944247496955
2022-05-06 09:30:00,0.0034883720930232558,1,0.45317393106320913
2022-05-06 10:00:00,-0.0013805798435342844,0,0.4599266577174228
2022-05-06 11:00:00,0.0018373909049150207,1,0.4643007845495724
2022-05-06 11:30:00,0.0002297266253158741,1,0.48850425226747435
2022-05-06 14:00:00,-0.0004598758335249483,0,0.4704701841913685
2022-05-06 14:30:00,0.0,0,0.4624171021753715
2022-05-06 15:00:00,-0.002994701681640175,0,0.46875657746837845
2022-05-06 21:30:00,0.003937007874015748,1,0.44331190283902716
2022-05-06 22:00:00,-0.003518648838845883,0,0.4515993912358286
2022-05-06 22:30:00,0.0023375409069658717,1,0.42902065739156997
2022-05-06 23:00:00,0.0016129032258064516,1,0.4378671942963706
2022-05-09 09:30:00,-0.0002327205026762858,0,0.4918126279457221
2022-05-09 10:00:00,-0.0004605111673958094,0,0.45818088670397017
2022-05-09 11:00:00,0.0027535566773749425,1,0.46981192822817336
2022-05-09 11:30:00,0.003202928391672386,1,0.4742469038753972
2022-05-09 14:00:00,0.0002299379167624741,1,0.46964069681709825
2022-05-09 14:30:00,0.001608455882352941,1,0.4470584936163786
2022-05-09 15:00:00,-0.0029940119760479044,0,0.45827314028936045
2022-05-09 21:30:00,-0.0037629350893697085,0,0.4461289503841334
2022-05-09 22:00:00,0.0002369668246445497,1,0.4212841201455616
2022-05-09 22:30:00,-0.0035885167464114833,0,0.4118996906639809
2022-05-09 23:00:00,0.0014534883720930232,1,0.3999240223168926
2022-05-10 09:30:00,-0.008034145116746171,0,0.4147296372403351
2022-05-10 10:00:00,-0.0035131744040150566,0,0.38974036102481124
2022-05-10 11:00:00,0.0007606490872210953,1,0.401996156375873
2022-05-10 11:30:00,-0.00228310502283105,0,0.39937816288557665
2022-05-10 14:00:00,-0.00303951367781155,0,0.4012149770689682
2022-05-10 14:30:00,-0.0015143866733972743,0,0.4417573273610193
2022-05-10 15:00:00,-0.0015082956259426848,0,0.4432970792721055
2022-05-10 21:30:00,0.0032663316582914573,1,0.44180872830594425
2022-05-10 22:00:00,-0.0012506253126563281,0,0.4928937046267196
2022-05-10 22:30:00,0.0020035061357375405,1,0.4691535796330313
2022-05-10 23:00:00,-0.003261414952333166,0,0.46912221938174725
2022-05-11 09:30:00,-0.000505050505050505,0,0.383662812498638
2022-05-11 10:00:00,0.0022738756947953513,1,0.39997001834329604
2022-05-11 11:00:00,0.0012553351744915891,1,0.3892090008184361
2022-05-11 11:30:00,-0.0007524454477050414,0,0.47222121624441726
2022-05-11 14:00:00,0.0014973795857249812,1,0.46028396317456294
2022-05-11 14:30:00,-0.0007416563658838072,0,0.4918916731806431
2022-05-11 15:00:00,-0.0009970089730807579,0,0.4867817409271342
2022-05-11 21:30:00,0.0049504950495049506,1,0.4305328834977759
2022-05-11 22:00:00,-0.0029455081001472753,0,0.4737768408538946
2022-05-11 22:30:00,-0.004656862745098039,0,0.4773601687176625
2022-05-11 23:00:00,-0.0007334963325183374,0,0.47851634343986305
2022-05-12 09:30:00,-0.0009886307464162137,0,0.45844274050908174
2022-05-12 10:00:00,-0.003195673549655851,0,0.42710557139830824
2022-05-12 11:00:00,0.001238850346878097,1,0.44900555700699585
2022-05-12 11:30:00,-0.002228826151560178,0,0.44596690877915984
2022-05-12 14:00:00,0.0034550839091806516,1,0.4341714306724294
2022-05-12 14:30:00,-0.00370004933399112,0,0.4622161131268933
2022-05-12 15:00:00,0.0017245627001724563,1,0.42961035177032136
2022-05-12 21:30:00,0.0017027487229384576,1,0.46909601112209826
2022-05-12 22:00:00,0.000243427458617332,1,0.485413520885708
2022-05-12 22:30:00,0.002904865649963689,1,0.4503710834666447
2022-05-12 23:00:00,0.000964785335262904,1,0.4824141066703776
2022-05-13 09:30:00,0.005236848369435849,1,0.4790616625847545
2022-05-13 10:00:00,-0.0014214641080312724,0,0.495635848825228
2022-05-13 11:00:00,0.0,0,0.4897593022237623
2022-05-13 11:30:00,0.0007125890736342042,1,0.41688042863014957
2022-05-13 14:00:00,0.0004751722499406034,1,0.4535393882838795
2022-05-13 14:30:00,-0.0011924636298592892,0,0.43881997577279797
2022-05-13 15:00:00,-0.0019152501795547045,0,0.41033643542636505
2022-05-13 21:30:00,-0.0035427491733585263,0,0.4301111163011382
2022-05-13 22:00:00,-0.00166865315852205,0,0.45865181713578257
2022-05-13 22:30:00,0.000947193937958797,1,0.44022974876939097
2022-05-13 23:00:00,0.001184834123222749,1,0.46562025293079023
2022-05-16 09:30:00,-0.0023685457129322598,0,0.4494278949088676
2022-05-16 10:00:00,0.0016746411483253589,1,0.4326244729031885
2022-05-16 11:00:00,0.0002384358607534573,1,0.43280882224691025
2022-05-16 11:30:00,0.001678254615200192,1,0.4214763558489163
2022-05-16 14:00:00,0.0009571667863125148,1,0.42070025043913795
2022-05-16 14:30:00,0.0,0,0.4131989092216088
2022-05-16 15:00:00,-0.0007136060894386299,0,0.38065911615481135
2022-05-16 21:30:00,-0.001413094677343382,0,0.42865808133267225
2022-05-16 22:00:00,-0.0007058823529411765,0,0.4825506797134274
2022-05-16 22:30:00,0.00258762644083745,1,0.47200286104822914
2022-05-16 23:00:00,0.000704721634954193,1,0.4962369167229129
2022-05-17 09:30:00,0.0009216589861751152,1,0.4034392757342926
2022-05-17 10:00:00,0.0009227220299884659,1,0.49098406039392933
2022-05-17 11:00:00,0.0013901760889712695,1,0.4835007380202485
2022-05-17 11:30:00,-0.002771362586605081,0,0.46209833762082053
2022-05-17 14:00:00,-0.0006923609508423725,0,0.4538678157603125
2022-05-17 14:30:00,-0.0013885674612358252,0,0.4525666720254274
2022-05-17 15:00:00,-0.0006931608133086877,0,0.4489911264476683
2022-05-17 21:30:00,-0.0009229349330872174,0,0.44784831725729163
2022-05-17 22:00:00,0.0009203865623561895,1,0.4519937702571519
2022-05-17 22:30:00,-0.0018373909049150207,0,0.4738269586240273
2022-05-17 23:00:00,0.0022999080036798527,1,0.47728386400101547
2022-05-18 09:30:00,-0.004420660772452303,0,0.4512968889214564
2022-05-18 10:00:00,0.003528581510232886,1,0.42540148159183944
2022-05-18 11:00:00,-0.0009354536950420955,0,0.38961132535609283
2022-05-18 11:30:00,0.0002346316283435007,1,0.42658511473819133
2022-05-18 14:00:00,-0.0009339248190520664,0,0.41415639242840896
2022-05-18 14:30:00,0.0004723665564478034,1,0.4337164940195021
2022-05-18 15:00:00,0.0021246458923512746,1,0.3838793476489364
2022-05-18 21:30:00,-0.004225352112676057,0,0.38083578572256627
2022-05-18 22:00:00,-0.0026278069756330625,0,0.38532060280208535
2022-05-18 22:30:00,0.0,0,0.38328902417466315
2022-05-18 23:00:00,-0.0016908212560386474,0,0.3504373618195678
2022-05-19 09:30:00,-0.0009659502535619416,0,0.3788879749680572
2022-05-19 10:00:00,-0.0002403268445085317,0,0.36747922332694294
2022-05-19 11:00:00,0.0,0,0.34393347377554
2022-05-19 11:30:00,-0.0014330069262001434,0,0.3825739029032695
2022-05-19 14:00:00,-0.0004812319538017325,0,0.3963255989811676
2022-05-19 14:30:00,0.0002400384061449831,1,0.41383115875400867
2022-05-19 15:00:00,0.0,0,0.4274656751218378
2022-05-19 21:30:00,-0.0014634146341463415,0,0.42212732467301994
2022-05-19 22:00:00,-0.00292326431181486,0,0.4232204635885797
2022-05-19 22:30:00,-0.0014605647517039924,0,0.4291782832947868
2022-05-19 23:00:00,-0.0012103606874848704,0,0.4660169081904176
2022-05-20 09:30:00,0.003117505995203837,1,0.44375171909780753
2022-05-20 10:00:00,0.0004783544606553456,1,0.4462985315356805
2022-05-20 11:00:00,-0.0009631591620515291,0,0.4711633851595114
2022-05-20 11:30:00,0.0012065637065637065,1,0.4276982069314539
2022-05-20 14:00:00,-0.0026347305389221557,0,0.4233750605565733
2022-05-20 14:30:00,-0.002408477842003854,0,0.43942549808337034
2022-05-20 15:00:00,-0.002652519893899204,0,0.41983161624982934
2022-05-20 21:30:00,0.003846153846153846,1,0.42637174628649255
2022-05-20 22:00:00,0.002863278453829635,1,0.4562097694088196
2022-05-20 22:30:00,0.0014357501794687725,1,0.4765127894399711
2022-05-20 23:00:00,-0.0007173601147776184,0,0.45312084127065716
2022-05-23 09:30:00,0.0,0,0.42474329090937163
2022-05-23 10:00:00,-0.0035294117647058825,0,0.4876206928825076
2022-05-23 11:00:00,0.0014170996693434103,1,0.4844024068025373
2022-05-23 11:30:00,-0.0014150943396226416,0,0.46501207899040664
2022-05-23 14:00:00,-0.0007045561296383279,0,0.46255957801675235
2022-05-23 14:30:00,-0.0014160962945480293,0,0.47521669603595085
2022-05-23 15:00:00,0.0007063809748057452,1,0.4550405235638197
2022-05-23 21:30:00,-0.0007199424046076314,0,0.44759506429180496
2022-05-23 22:00:00,-0.0033484812245874193,0,0.4219558184774261
2022-05-23 22:30:00,-0.0016879672052085846,0,0.4309203045878923
2022-05-23 23:00:00,-0.0004842615012106538,0,0.32812904961185496
2022-05-24 09:30:00,-0.003115264797507788,0,0.36686585147228185
2022-05-24 10:00:00,-0.002875629043853343,0,0.40860610821875265
2022-05-24 11:00:00,-0.002163981726376533,0,0.4229105506148308
2022-05-24 11:30:00,-0.0012016342225426582,0,0.36423927697625724
2022-05-24 14:00:00,-0.0009689922480620156,0,0.3749516762886583
2022-05-24 14:30:00,0.001455604075691412,1,0.3584686212061014
2022-05-24 15:00:00,-0.0024154589371980675,0,0.3373157838232034
2022-05-24 21:30:00,-0.002821537738067247,0,0.3667487963838642
2022-05-24 22:00:00,-0.0014058106841611997,0,0.4695105319173254
2022-05-24 22:30:00,-0.0004712535344015081,0,0.47367601881680726
2022-05-24 23:00:00,0.0002351834430856067,1,0.4470989548970945
2022-05-25 09:30:00,0.0004697040864255519,1,0.40928213400148455
2022-05-25 10:00:00,0.003993422598073761,1,0.41658091262910885
2022-05-25 11:00:00,-0.00234192037470726,0,0.4618141818205484
2022-05-25 11:30:00,0.0009383063570255688,1,0.3965162946076817
2022-05-25 14:00:00,0.00117813383600377,1,0.4134409676621907
2022-05-25 14:30:00,0.0004720320981826764,1,0.3919686827097226
2022-05-25 15:00:00,0.0016317016317016317,1,0.4278261228971361
2022-05-25 21:30:00,0.0016525023607176581,1,0.47684227018606906
2022-05-25 22:00:00,0.0033003300330033004,1,0.4224050189416924
2022-05-25 22:30:00,-0.0004691531785127845,0,0.4090436874732275
2022-05-25 23:00:00,0.0,0,0.41759389926070484
2022-05-26 09:30:00,-0.004689331770222743,0,0.3918258827487394
2022-05-26 10:00:00,0.0,0,0.4057864029172781
2022-05-26 11:00:00,0.002107234839616015,1,0.3922069021389592
2022-05-26 11:30:00,0.0007015902712815715,1,0.4301587094216937
2022-05-26 14:00:00,0.002107728337236534,1,0.45222796955032796
2022-05-26 14:30:00,-0.0011682242990654207,0,0.4319411573657934
2022-05-26 15:00:00,0.0016358962374386538,1,0.3953488149624372
2022-05-26 21:30:00,-0.0009280742459396752,0,0.426211717805727
2022-05-26 22:00:00,0.0023073373327180432,1,0.4872999480380043
2022-05-26 22:30:00,0.0,0,0.4810567301513126
2022-05-26 23:00:00,0.0004575611988103408,1,0.47096733088790954
2022-05-27 09:30:00,0.0006872852233676975,1,0.47491145725411194
2022-05-27 10:00:00,0.0002300437083045778,1,0.44000567486113307
2022-05-27 11:00:00,-0.0016173752310536045,0,0.4353465672688887
2022-05-27 11:30:00,-0.0002311070025421771,0,0.4234457533213515
2022-05-27 14:00:00,-0.0016263940520446097,0,0.42504637715076293
2022-05-27 14:30:00,0.0025676937441643324,1,0.38170805153777887
2022-05-27 15:00:00,-0.003955328059562588,0,0.3707085685671111
2022-05-27 21:30:00,-0.003093764873869586,0,0.375087312550254
2022-05-27 22:00:00,-0.0007129277566539924,0,0.3767827643430575
2022-05-27 22:30:00,-0.0007141156867412521,0,0.3638424970301248
2022-05-27 23:00:00,-0.0009546539379474941,0,0.37540180581349963
2022-05-30 09:30:00,-0.004014167650531287,0,0.36194267717053075
2022-05-30 10:00:00,-0.0011781338360037702,0,0.38277123533568747
2022-05-30 11:00:00,-0.0007098911500236631,0,0.4171930936353061
2022-05-30 11:30:00,-0.0026227944682880307,0,0.36838668770104455
2022-05-30 14:00:00,0.0033751205400192863,1,0.37507005221123757
2022-05-30 14:30:00,-0.0002407897905128823,0,0.36118651516078026
2022-05-30 15:00:00,-0.001212709192335678,0,0.3618359256217343
2022-05-30 21:30:00,0.0002457002457002457,1,0.39321663913021454
2022-05-30 22:00:00,-0.0012218963831867058,0,0.3906563622725697
2022-05-30 22:30:00,-0.0017064846416382253,0,0.41310046338436235
2022-05-30 23:00:00,0.0007352941176470588,1,0.43871563233563926
2022-05-31 09:30:00,0.0023992322456813818,1,0.3933524140789648
2022-05-31 10:00:00,0.0028797696184305254,1,0.44955876740737916
2022-05-31 11:00:00,0.0014299332697807435,1,0.4501373735134504
2022-05-31 11:30:00,-0.0014248397055331276,0,0.4440836228639213
2022-05-31 14:00:00,0.002360160490913382,1,0.442011513486022
2022-05-31 14:30:00,-0.0037322136692325637,0,0.4667295866314135
2022-05-31 15:00:00,-0.0025833724753405356,0,0.4829088902845849
2022-05-31 21:30:00,-0.0013969732246798604,0,0.4341683826254015
2022-05-31 22:00:00,-0.0028076743097800658,0,0.49940799756918386
2022-05-31 22:30:00,0.0002354603249352484,1,0.45090420629590006
2022-05-31 23:00:00,-0.0004703668861712136,0,0.41296934724643786
2022-06-01 09:30:00,0.0007258649891120251,1,0.3950559776496528
2022-06-01 10:00:00,-0.0024177949709864605,0,0.38292950777174056
2022-06-01 11:00:00,0.0014652014652014652,1,0.37692533712999415
2022-06-01 11:30:00,-0.0019459985405010946,0,0.3528424100137737
2022-06-01 14:00:00,0.0004888780249327792,1,0.3767857942154611
2022-06-01 14:30:00,0.0007258649891120251,1,0.37378395560990535
2022-06-01 15:00:00,0.001927246446639364,1,0.4580057142229844
2022-06-01 21:30:00,0.0011817537225242258,1,0.45639520221027174
2022-06-01 22:00:00,0.002135231316725979,1,0.47034608694054947
2022-06-01 22:30:00,-0.0019029495718363464,0,0.46822579328070907
2022-06-01 23:00:00,0.0007158196134574087,1,0.4095679610743745
2022-06-02 09:30:00,0.0,0,0.4245111342904825
2022-06-02 10:00:00,-0.000986679822397632,0,0.3289112370254285
2022-06-02 11:00:00,-0.0017220172201722018,0,0.38028855453903015
2022-06-02 11:30:00,0.002218387971407444,1,0.3897424419831359
2022-06-02 14:00:00,-0.0007340347443112308,0,0.38571145981120103
2022-06-02 14:30:00,-0.0007374631268436579,0,0.40198868668114895
2022-06-02 15:00:00,-0.005931784478497282,0,0.39023598710919344
2022-06-06 09:30:00,0.0004722550177095631,1,0.39546869781748356
2022-06-06 10:00:00,-0.00046849379245725,0,0.4378740322312886
2022-06-06 11:00:00,0.0016320820704126837,1,0.47747636107393654
2022-06-06 11:30:00,-0.0018700327255726976,0,0.5040071429840337
2022-06-06 14:00:00,-0.0007012622720897616,0,0.4534927650514571
2022-06-06 14:30:00,-0.000234192037470726,0,0.43062019925795725
2022-06-06 15:00:00,-0.0011726078799249532,0,0.4226322173498021
2022-06-06 21:30:00,-0.0011930326890956812,0,0.42070759590664003
2022-06-06 22:00:00,-0.0026570048309178746,0,0.4289679562874892
2022-06-06 22:30:00,0.004129220306048093,1,0.4019805752927051
2022-06-06 23:00:00,-0.0009668842156151801,0,0.41414601524194894
2022-06-07 09:30:00,-0.0002414875633904854,0,0.37523947668178276
2022-06-07 10:00:00,0.0,0,0.3435339917583985
2022-06-07 11:00:00,-0.007265681763138775,0,0.3432581028656066
2022-06-07 11:30:00,0.0004864996351252736,1,0.38481623761106
2022-06-07 14:00:00,-0.008276533592989289,0,0.41145362520643725
2022-06-07 14:30:00,0.002694097477345089,1,0.38255643370398423
2022-06-07 15:00:00,0.004177930695502581,1,0.3704628459296051
2022-06-07 21:30:00,-0.0002488800398208064,0,0.3821200421338088
2022-06-07 22:00:00,-0.002463661000246366,0,0.368742131744546
2022-06-07 22:30:00,-0.000982318271119843,0,0.39658955685659864
2022-06-07 23:00:00,-0.004932182490752158,0,0.44260609115792127
2022-06-08 09:30:00,-0.0007409236848604594,0,0.4054271447519255
2022-06-08 10:00:00,0.0017369727047146402,1,0.3697921522896155
2022-06-08 11:00:00,-0.0002471576866040534,0,0.38968860867555954
2022-06-08 11:30:00,-0.009547738693467337,0,0.35690579590479193
2022-06-08 14:00:00,-0.0010025062656641606,0,0.3978541074537183
2022-06-08 14:30:00,0.0,0,0.3977729250606503
2022-06-08 15:00:00,0.006753376688344172,1,0.3546709650791923
2022-06-08 21:30:00,0.0002509410288582183,1,0.4203884769097675
2022-06-08 22:00:00,-0.0027603513174404015,0,0.3836942615816604
2022-06-08 22:30:00,0.0017681232634503663,1,0.3920392947696626
2022-06-08 23:00:00,-0.0017570281124497991,0,0.396739014183915
2022-06-09 09:30:00,-0.006640432857845549,0,0.39569243736403364
2022-06-09 10:00:00,-0.0037193156459211507,0,0.4457042139677151
2022-06-09 11:00:00,0.001252191334835963,1,0.44902150612544334
2022-06-09 11:30:00,0.000251130085384229,1,0.38179904519242336
2022-06-09 14:00:00,0.0002523977788995456,1,0.33602040437051317
2022-06-09 14:30:00,-0.0015209125475285172,0,0.35955984969912436
2022-06-09 15:00:00,-0.0030824556896994607,0,0.38307757456298647
2022-06-09 21:30:00,-0.0032878098128477492,0,0.4010464251624535
2022-06-09 22:00:00,-0.0010055304172951233,0,0.40646020395951055
2022-06-09 22:30:00,0.0012434717731907485,1,0.44105176621495973
2022-06-09 23:00:00,0.001744765702891326,1,0.46737891433158424
2022-06-10 09:30:00,0.002512562814070352,1,0.44167558058403644
2022-06-10 10:00:00,0.00200652119388011,1,0.40034959790549934
2022-06-10 11:00:00,0.0004976362279173923,1,0.38124811746676524
2022-06-10 11:30:00,-0.0027261462205700124,0,0.4584965240225706
2022-06-10 14:00:00,0.0027431421446384037,1,0.4601659763334364
2022-06-10 14:30:00,0.002979885771045443,1,0.4280613788515465
2022-06-10 15:00:00,-0.0022299306243805748,0,0.46390134545824774
2022-06-10 21:30:00,0.000249500998003992,1,0.472518272192012
2022-06-10 22:00:00,-0.0002472799208704254,0,0.3759401856093661
2022-06-10 22:30:00,0.002486943546381497,1,0.3864735686375926
2022-06-10 23:00:00,-0.0004973887092762995,0,0.37872163875498027
2022-06-13 09:30:00,0.0012354830738818877,1,0.3737483580766672
2022-06-13 10:00:00,-0.005722816621050012,0,0.4430408852981109
2022-06-13 11:00:00,-0.0019723865877712033,0,0.3767261041774173
2022-06-13 11:30:00,0.0004946821667078901,1,0.41056055676282616
2022-06-13 14:00:00,-0.001971414489896501,0,0.4601872215425105
2022-06-13 14:30:00,-0.003708281829419036,0,0.4693245648798706
2022-06-13 15:00:00,0.0,0,0.41289094993372827
2022-06-13 21:30:00,0.0002421893921046258,1,0.37311800445746995
2022-06-13 22:00:00,-0.0014524328249818446,0,0.4811629814110616
2022-06-13 22:30:00,-0.004142300194931774,0,0.4760236990667386
2022-06-13 23:00:00,-0.004423691324649791,0,0.44298314457030374
2022-06-14 09:30:00,0.002398656752218757,1,0.40085932724525697
2022-06-14 10:00:00,-0.003596259889714697,0,0.4928046573213305
2022-06-14 11:00:00,0.0007183908045977011,1,0.4647462557327253
2022-06-14 11:30:00,0.0021634615384615386,1,0.45722820048139146
2022-06-14 14:00:00,0.0009541984732824427,1,0.45144312745061493
2022-06-14 14:30:00,0.003562945368171021,1,0.49296145371807953
2022-06-14 15:00:00,-0.0019020446980504042,0,0.4910321288569714
2022-06-14 21:30:00,-0.0021301775147928993,0,0.4513763858403395
2022-06-14 22:00:00,-0.000235349493998588,0,0.444830841876551
2022-06-14 22:30:00,-0.001177856301531213,0,0.48537933572826697
2022-06-14 23:00:00,-0.0002354603249352485,0,0.4629081840041778
2022-06-15 09:30:00,0.0004798464491362763,1,0.4569366897877331
2022-06-15 10:00:00,0.0019120458891013384,1,0.426483503663814
2022-06-15 11:00:00,-0.0019079418077748629,0,0.4529840964524773
2022-06-15 11:30:00,0.0007183908045977011,1,0.4541863975584861
2022-06-15 14:00:00,0.0,0,0.4543767322986893
2022-06-15 14:30:00,-0.0026467757459095282,0,0.40517261974752405
2022-06-15 15:00:00,0.001203659123736158,1,0.3813692553335589
2022-06-15 21:30:00,0.0002411381721726549,1,0.3717845098785817
2022-06-15 22:00:00,0.0002408477842003853,1,0.3857028439213609
2022-06-15 22:30:00,-0.0033791938209027277,0,0.4053005122949845
2022-06-15 23:00:00,0.002914743745445713,1,0.3829109590041254
2022-06-16 09:30:00,-0.003905296558457408,0,0.37549829843786425
2022-06-16 10:00:00,-0.002698062300711307,0,0.37082981542703586
2022-06-16 11:00:00,-0.0024727992087042534,0,0.3796955268273086
2022-06-16 11:30:00,0.003714710252600297,1,0.38100661097533417
2022-06-16 14:00:00,-0.002488800398208064,0,0.37461032354827795
2022-06-16 14:30:00,-0.001733102253032929,0,0.38517182516525017
2022-06-16 15:00:00,-0.0012379301807378064,0,0.3813091422410335
2022-06-16 21:30:00,0.001999000499750125,1,0.38030695944108733
2022-06-16 22:00:00,0.005283018867924529,1,0.38530431298755763
2022-06-16 22:30:00,0.0027288514016373107,1,0.37331855301508327
2022-06-16 23:00:00,0.006699751861042183,1,0.3904137943427893
2022-06-17 09:30:00,0.003955500618046972,1,0.43516323106978083
2022-06-17 10:00:00,-0.0029332681495966755,0,0.4313892403688183
2022-06-17 11:00:00,-0.0004918839153959666,0,0.4525880062594436
2022-06-17 11:30:00,-0.0004954173891503592,0,0.41367343861613903
2022-06-17 14:00:00,-0.002957121734844751,0,0.3555953009059468
2022-06-17 14:30:00,0.0017292490118577075,1,0.3934073733728016
2022-06-17 15:00:00,0.0,0,0.3757457417787321
2022-06-17 21:30:00,-0.0007473841554559044,0,0.3923543103962804
2022-06-17 22:00:00,-0.002253380070105158,0,0.38338881809792086
2022-06-17 22:30:00,-0.0027841052898000505,0,0.3882679197324576
2022-06-17 23:00:00,0.0040868454661558105,1,0.3993455505250422
2022-06-20 09:30:00,-0.0023547880690737836,0,0.3730267386995122
2022-06-20 10:00:00,0.0002623294858342077,1,0.38965723644160605
2022-06-20 11:00:00,-0.001047943411055803,0,0.3993099064143507
2022-06-20 11:30:00,-0.0002623294858342078,0,0.40080387753538527
2022-06-20 14:00:00,0.0002593360995850622,1,0.37479939760596187
2022-06-20 14:30:00,-0.0018214936247723133,0,0.4352487013687119
2022-06-20 15:00:00,0.0015625,1,0.43937359943982074
2022-06-20 21:30:00,-0.004702194357366771,0,0.460754730685849
2022-06-20 22:00:00,-0.0021058173203474598,0,0.39898814092385104
2022-06-20 22:30:00,0.002908514013749339,1,0.3955904057578443
2022-06-20 23:00:00,0.0005216484089723526,1,0.3832040281191068
2022-06-21 09:30:00,0.0012751849018107625,1,0.44726636041549944
2022-06-21 10:00:00,-0.0007620015240030481,0,0.4650200694853847
2022-06-21 11:00:00,-0.0027975584944048833,0,0.46258027852333583
2022-06-21 11:30:00,0.0015294417537598775,1,0.43309043486093673
2022-06-21 14:00:00,0.0015310028068384791,1,0.43581604119163964
2022-06-21 14:30:00,0.002550369803621525,1,0.42419967332118175
2022-06-21 15:00:00,-0.001786169941311559,0,0.41551395360431975
2022-06-21 21:30:00,-0.0010193679918450561,0,0.4225023706197134
2022-06-21 22:00:00,-0.0002548419979612641,0,0.41850888157606725
2022-06-21 22:30:00,0.0005098139179199592,1,0.40314821999635053
2022-06-21 23:00:00,-0.0020186727226848347,0,0.44019767382066016
2022-06-22 09:30:00,-0.003109613889608707,0,0.4726525124198339
2022-06-22 10:00:00,0.0005252100840336134,1,0.38550889452414105
2022-06-22 11:00:00,-0.0002651113467656416,0,0.38434882541954046
2022-06-22 11:30:00,-0.0018528321863419798,0,0.36779294001203383
2022-06-22 14:00:00,-0.0005329070077271517,0,0.3819195495284202
2022-06-22 14:30:00,0.0005344735435595938,1,0.3878976180181356
2022-06-22 15:00:00,0.0035087719298245615,1,0.3850151434526991
2022-06-22 21:30:00,-0.0018867924528301887,0,0.38867279835696517
2022-06-22 22:00:00,0.0013542795232936078,1,0.39964307683662686
2022-06-22 22:30:00,0.0018842530282637954,1,0.4022825562151899
2022-06-22 23:00:00,0.000802139037433155,1,0.4642224227130333
2022-06-23 09:30:00,-0.00400427122263748,0,0.4609437625807606
2022-06-23 10:00:00,-0.004027926960257788,0,0.4567390420368217
2022-06-23 11:00:00,-0.0029506437768240345,0,0.4010806903806109
2022-06-23 11:30:00,0.0010723860589812331,1,0.4027813713477778
2022-06-23 14:00:00,0.004274646005877638,1,0.3973421756919485
2022-06-23 14:30:00,-0.0007980845969672786,0,0.43376563557608827
2022-06-23 15:00:00,-0.0018523418893887271,0,0.4654905105816312
2022-06-23 21:30:00,-0.0005196154845414394,0,0.46957869720901785
2022-06-23 22:00:00,-0.0018339009693476554,0,0.4678900537215013
2022-06-23 22:30:00,0.00420057757941717,1,0.4674102052486156
2022-06-23 23:00:00,0.0,0,0.4278112209514458
2022-06-24 09:30:00,0.0013224014810896587,1,0.4093889427193637
2022-06-24 10:00:00,-0.00531632110579479,0,0.4056461211531138
2022-06-24 11:00:00,0.0034777956126270733,1,0.38355183290581224
2022-06-24 11:30:00,0.0015978695073235686,1,0.3582385040794088
2022-06-24 14:00:00,-0.0031729243786356425,0,0.37503983896531784
2022-06-24 14:30:00,-0.0005281225244256667,0,0.4582308836047568
2022-06-24 15:00:00,0.0005331911490269261,1,0.44110977778721855
2022-06-24 21:30:00,-0.0002646903123345686,0,0.4244364845664842
2022-06-24 22:00:00,-0.0007987220447284346,0,0.42500042256866116
2022-06-24 22:30:00,0.0002604845011721802,1,0.3931729504109675
2022-06-24 23:00:00,0.0,0,0.4716588671974014
2022-06-27 09:30:00,-0.0005180005180005181,0,0.47791412064526306
2022-06-27 10:00:00,-0.0005155968032998196,0,0.46945253667857423
2022-06-27 11:00:00,-0.002572678157962439,0,0.47588453058463
2022-06-27 11:30:00,-0.0007784120394395433,0,0.449589746671414
2022-06-27 14:00:00,0.0005175983436853002,1,0.43418387845940115
2022-06-27 14:30:00,0.0015483870967741935,1,0.4435063493799643
2022-06-27 15:00:00,-0.001806451612903226,0,0.4273600177810322
2022-06-27 21:30:00,-0.0007820646506777894,0,0.43747276681927694
2022-06-27 22:00:00,-0.0060526315789473685,0,0.40705172130846295
2022-06-27 22:30:00,0.004748087575837509,1,0.37988826795324704
2022-06-27 23:00:00,0.0002613012803762738,1,0.36589508447637037
2022-06-28 09:30:00,0.0028526970954356845,1,0.39114926368549957
2022-06-28 10:00:00,-0.0002577319587628866,0,0.4370297648661851
2022-06-28 11:00:00,0.0007678525723061172,1,0.45317849069394683
2022-06-28 11:30:00,0.0033505154639175256,1,0.48805126509532526
2022-06-28 14:00:00,0.0005154639175257731,1,0.4396064299497858
2022-06-28 14:30:00,0.0002563445270443476,1,0.42694830640460324
2022-06-28 15:00:00,-0.003306205493387589,0,0.43692745700297747
2022-06-28 21:30:00,0.0010285420416559527,1,0.48165158928666185
2022-06-28 22:00:00,-0.0002564760194921775,0,0.42309109083665675
2022-06-28 22:30:00,0.0010274852298998202,1,0.4195239746571426
2022-06-28 23:00:00,-0.0007751937984496125,0,0.4324673571450001
2022-06-29 09:30:00,-0.0025575447570332483,0,0.38498555945245605
2022-06-29 10:00:00,0.000258131130614352,1,0.3894779286526476
2022-06-29 11:00:00,-0.0007731958762886598,0,0.3874840557899541
2022-06-29 11:30:00,0.0,0,0.37936746454124154
2022-06-29 14:00:00,-0.0002557544757033249,0,0.32567815736969125
2022-06-29 14:30:00,0.002540650406504065,1,0.42078128477551596
2022-06-29 15:00:00,-0.0007674597083653109,0,0.46910708961492387
2022-06-29 21:30:00,-0.0030349013657056147,0,0.45372175260295605
2022-06-29 22:00:00,0.0020232675771370764,1,0.47224277736459397
2022-06-29 22:30:00,-0.001010611419909045,0,0.4902067942674359
2022-06-29 23:00:00,-0.0012671059300557526,0,0.464282537711803
2022-06-30 09:30:00,-0.0031031807602792862,0,0.4287877511391126
2022-06-30 10:00:00,-0.001035732780942517,0,0.36129630079278463
2022-06-30 11:00:00,0.0005159958720330237,1,0.3644562642622031
2022-06-30 11:30:00,0.000517196793379881,1,0.3530384090042923
2022-06-30 14:00:00,0.0005177323323841573,1,0.34946944768751437
2022-06-30 14:30:00,-0.001809253036960455,0,0.36132790346577265
2022-06-30 15:00:00,0.0018233915082052617,1,0.37074126869090457
